{"cameraMode":{"drawMode":0,"name":"Shaded","section":"Shading Mode"},"sceneLighting":true,"audioPlay":false,"sceneViewState":{"showFog":false,"showMaterialUpdate":false,"showSkybox":false,"showFlares":false,"showImageEffects":false,"showParticleSystems":false},"in2DMode":false,"pivot":{"x":6.587550163269043,"y":-19.14339828491211,"z":46.04294204711914},"rotation":{"x":0.34015968441963198,"y":0.04114772751927376,"z":-0.014900336042046547,"w":0.9393488764762878},"size":72.33209991455078,"orthographic":false}