{"cameraMode":{"drawMode":0,"name":"Shaded","section":"Shading Mode"},"sceneLighting":true,"audioPlay":false,"sceneViewState":{"showFog":true,"showMaterialUpdate":true,"showSkybox":true,"showFlares":true,"showImageEffects":true,"showParticleSystems":true},"in2DMode":false,"pivot":{"x":7.233278751373291,"y":23.56660270690918,"z":-197.6947479248047},"rotation":{"x":0.22028160095214845,"y":-0.5993169546127319,"z":0.17622917890548707,"w":0.7491585612297058},"size":74.94195556640625,"orthographic":false}