{"cameraMode":{"drawMode":0,"name":"Shaded","section":"Shading Mode"},"sceneLighting":true,"audioPlay":false,"sceneViewState":{"showFog":true,"showMaterialUpdate":true,"showSkybox":true,"showFlares":true,"showImageEffects":true,"showParticleSystems":true},"in2DMode":false,"pivot":{"x":33.8881950378418,"y":-34.309661865234378,"z":-21.220993041992189},"rotation":{"x":-0.3469850718975067,"y":-0.09848172217607498,"z":0.03666568174958229,"w":-0.9319648146629334},"size":279.36846923828127,"orthographic":false}