{"cameraMode":{"drawMode":0,"name":"Shaded","section":"Shading Mode"},"sceneLighting":true,"audioPlay":false,"sceneViewState":{"showFog":true,"showMaterialUpdate":true,"showSkybox":true,"showFlares":true,"showImageEffects":true,"showParticleSystems":true},"in2DMode":false,"pivot":{"x":4.064994812011719,"y":3.308413028717041,"z":15.455154418945313},"rotation":{"x":-0.0034666096325963737,"y":-0.9614190459251404,"z":0.27479878067970278,"w":-0.01212772261351347},"size":3.818211317062378,"orthographic":false}