{"cameraMode":{"drawMode":0,"name":"Shaded","section":"Shading Mode"},"sceneLighting":false,"audioPlay":false,"sceneViewState":{"showFog":true,"showMaterialUpdate":true,"showSkybox":true,"showFlares":true,"showImageEffects":true,"showParticleSystems":true},"in2DMode":false,"pivot":{"x":-40.626434326171878,"y":12.464813232421875,"z":-8.177482604980469},"rotation":{"x":-0.06955848634243012,"y":0.0989338606595993,"z":-0.006933761294931173,"w":-0.9926356673240662},"size":75.70661163330078,"orthographic":false}