{"cameraMode":{"drawMode":0,"name":"Shaded","section":"Shading Mode"},"sceneLighting":true,"audioPlay":false,"sceneViewState":{"showFog":true,"showMaterialUpdate":true,"showSkybox":true,"showFlares":true,"showImageEffects":true,"showParticleSystems":true},"in2DMode":false,"pivot":{"x":-24.521024703979493,"y":-2.280808448791504,"z":-67.37543487548828},"rotation":{"x":-0.16430480778217317,"y":0.366289883852005,"z":-0.06588219851255417,"w":-0.9135071039199829},"size":179.20433044433595,"orthographic":false}