{"cameraMode":{"drawMode":0,"name":"Shaded","section":"Shading Mode"},"sceneLighting":true,"audioPlay":false,"sceneViewState":{"showFog":true,"showMaterialUpdate":true,"showSkybox":true,"showFlares":true,"showImageEffects":true,"showParticleSystems":true},"in2DMode":false,"pivot":{"x":-4.653872489929199,"y":79.24701690673828,"z":30.3033504486084},"rotation":{"x":0.08333361148834229,"y":0.888150155544281,"z":-0.41531500220298769,"w":0.17820867896080018},"size":36.3152961730957,"orthographic":false}