{"cameraMode":{"drawMode":0,"name":"Shaded","section":"Shading Mode"},"sceneLighting":true,"audioPlay":false,"sceneViewState":{"showFog":true,"showMaterialUpdate":true,"showSkybox":true,"showFlares":true,"showImageEffects":true,"showParticleSystems":true},"in2DMode":false,"pivot":{"x":67.02039337158203,"y":40.57948303222656,"z":-213.0751495361328},"rotation":{"x":0.09550245106220246,"y":-0.6183851957321167,"z":0.07607255131006241,"w":0.7763323783874512},"size":14.1780366897583,"orthographic":false}