{"cameraMode":{"drawMode":0,"name":"Shaded","section":"Shading Mode"},"sceneLighting":true,"audioPlay":false,"sceneViewState":{"showFog":false,"showMaterialUpdate":false,"showSkybox":false,"showFlares":false,"showImageEffects":false,"showParticleSystems":false},"in2DMode":false,"pivot":{"x":107.18558502197266,"y":48.65388870239258,"z":-237.11915588378907},"rotation":{"x":0.126498281955719,"y":0.7455230355262756,"z":-0.14795245230197907,"w":0.637419581413269},"size":9.145248413085938,"orthographic":false}