{"cameraMode":{"drawMode":0,"name":"Shaded","section":"Shading Mode"},"sceneLighting":false,"audioPlay":false,"sceneViewState":{"showFog":true,"showMaterialUpdate":true,"showSkybox":true,"showFlares":true,"showImageEffects":true,"showParticleSystems":true},"in2DMode":false,"pivot":{"x":-63.54673767089844,"y":-38.294471740722659,"z":-26.93044090270996},"rotation":{"x":0.2521005868911743,"y":0.37259215116500857,"z":-0.10591807961463928,"w":0.8867930173873901},"size":26.325777053833009,"orthographic":false}