{"cameraMode":{"drawMode":0,"name":"Shaded","section":"Shading Mode"},"sceneLighting":false,"audioPlay":false,"sceneViewState":{"showFog":true,"showMaterialUpdate":true,"showSkybox":true,"showFlares":true,"showImageEffects":true,"showParticleSystems":true},"in2DMode":false,"pivot":{"x":-15.052275657653809,"y":9.118410110473633,"z":10.978132247924805},"rotation":{"x":-0.01684739626944065,"y":-0.9789959192276001,"z":0.09071972966194153,"w":-0.18180516362190247},"size":22.0,"orthographic":false}