{"cameraMode":{"drawMode":0,"name":"Shaded","section":"Shading Mode"},"sceneLighting":true,"audioPlay":false,"sceneViewState":{"showFog":true,"showMaterialUpdate":true,"showSkybox":true,"showFlares":true,"showImageEffects":true,"showParticleSystems":true},"in2DMode":false,"pivot":{"x":43.105342864990237,"y":78.38175201416016,"z":-121.64066314697266},"rotation":{"x":-0.04723499342799187,"y":-0.32763558626174929,"z":-0.0163984764367342,"w":0.9434802532196045},"size":74.94195556640625,"orthographic":false}