{"cameraMode":{"drawMode":0,"name":"Shaded","section":"Shading Mode"},"sceneLighting":false,"audioPlay":false,"sceneViewState":{"showFog":true,"showMaterialUpdate":true,"showSkybox":true,"showFlares":true,"showImageEffects":true,"showParticleSystems":true},"in2DMode":false,"pivot":{"x":2.1865806579589845,"y":50.44047546386719,"z":-247.15965270996095},"rotation":{"x":0.18901516497135163,"y":0.6886627078056336,"z":-0.19348755478858949,"w":0.6727403998374939},"size":30.819746017456056,"orthographic":false}