{"cameraMode":{"drawMode":0,"name":"Shaded","section":"Shading Mode"},"sceneLighting":true,"audioPlay":false,"sceneViewState":{"showFog":true,"showMaterialUpdate":true,"showSkybox":true,"showFlares":true,"showImageEffects":true,"showParticleSystems":true},"in2DMode":false,"pivot":{"x":82.71379852294922,"y":108.15287780761719,"z":-148.20204162597657},"rotation":{"x":-0.20618970692157746,"y":0.5051483511924744,"z":-0.12570767104625703,"w":-0.8285581469535828},"size":22.0,"orthographic":false}