{"cameraMode":{"drawMode":0,"name":"Shaded","section":"Shading Mode"},"sceneLighting":false,"audioPlay":false,"sceneViewState":{"showFog":true,"showMaterialUpdate":true,"showSkybox":true,"showFlares":true,"showImageEffects":true,"showParticleSystems":true},"in2DMode":false,"pivot":{"x":57.31878662109375,"y":52.98512649536133,"z":-42.11000061035156},"rotation":{"x":-0.012652655132114888,"y":-0.9643692374229431,"z":0.26005905866622927,"w":-0.04691806435585022},"size":9.145235061645508,"orthographic":false}