{"cameraMode":{"drawMode":0,"name":"Shaded","section":"Shading Mode"},"sceneLighting":false,"audioPlay":false,"sceneViewState":{"showFog":true,"showMaterialUpdate":true,"showSkybox":true,"showFlares":true,"showImageEffects":true,"showParticleSystems":true},"in2DMode":false,"pivot":{"x":0.8405624628067017,"y":-0.6123552322387695,"z":-0.16788387298583985},"rotation":{"x":0.007751750759780407,"y":0.961113452911377,"z":-0.27470991015434267,"w":0.027116063982248308},"size":5.001337051391602,"orthographic":false}