{"cameraMode":{"drawMode":0,"name":"Shaded","section":"Shading Mode"},"sceneLighting":false,"audioPlay":false,"sceneViewState":{"showFog":true,"showMaterialUpdate":true,"showSkybox":true,"showFlares":true,"showImageEffects":true,"showParticleSystems":true},"in2DMode":false,"pivot":{"x":105.17094421386719,"y":47.8444938659668,"z":-237.71859741210938},"rotation":{"x":0.18901516497135163,"y":0.6886627078056336,"z":-0.19348755478858949,"w":0.6727403998374939},"size":7.836371898651123,"orthographic":false}