{"cameraMode":{"drawMode":0,"name":"Shaded","section":"Shading Mode"},"sceneLighting":true,"audioPlay":false,"sceneViewState":{"showFog":false,"showMaterialUpdate":false,"showSkybox":false,"showFlares":false,"showImageEffects":false,"showParticleSystems":false},"in2DMode":false,"pivot":{"x":190.21998596191407,"y":123.34739685058594,"z":-101.20186614990235},"rotation":{"x":0.18074506521224976,"y":-0.5214680433273315,"z":0.11409778892993927,"w":0.8260654211044312},"size":19.932758331298829,"orthographic":false}