{"cameraMode":{"drawMode":0,"name":"Shaded","section":"Shading Mode"},"sceneLighting":true,"audioPlay":false,"sceneViewState":{"showFog":true,"showMaterialUpdate":true,"showSkybox":true,"showFlares":true,"showImageEffects":true,"showParticleSystems":true},"in2DMode":false,"pivot":{"x":84.60801696777344,"y":50.74681091308594,"z":-218.38363647460938},"rotation":{"x":-0.3231613039970398,"y":-0.20798078179359437,"z":0.0721261203289032,"w":-0.9203850626945496},"size":11.16891860961914,"orthographic":false}