{"cameraMode":{"drawMode":0,"name":"Shaded","section":"Shading Mode"},"sceneLighting":true,"audioPlay":false,"sceneViewState":{"showFog":false,"showMaterialUpdate":false,"showSkybox":false,"showFlares":false,"showImageEffects":false,"showParticleSystems":false},"in2DMode":false,"pivot":{"x":66.34624481201172,"y":52.88726043701172,"z":-228.86122131347657},"rotation":{"x":-0.15229806303977967,"y":0.1124088391661644,"z":-0.017437605187296869,"w":-0.9817665219306946},"size":22.0,"orthographic":false}